record_type,time_s,raw_on,raw_off,net_raw,avg_on,avg_off,net_avg,baseline,change,label,raw_line
info,,,,,,,,,,,,"SYSTEM,Baseline collecting... Keep sensor on empty floor (5s)."
info,,,,,,,,,,,,"SYSTEM,START received"
baseline,,506,966.0,460.0,508.2,965.3,457.1,,,,"BASELINE,506,966.0,460.0,508.2,965.3,457.1"
baseline,,508,963.5,455.5,508.0,964.6,456.6,,,,"BASELINE,508,963.5,455.5,508.0,964.6,456.6"
baseline,,509,963.0,454.0,507.8,964.2,456.4,,,,"BASELINE,509,963.0,454.0,507.8,964.2,456.4"
baseline,,510,963.0,453.0,508.0,963.9,455.9,,,,"BASELINE,510,963.0,453.0,508.0,963.9,455.9"
baseline,,506,964.5,458.5,507.8,964.0,456.2,,,,"BASELINE,506,964.5,458.5,507.8,964.0,456.2"
baseline,,502,965.0,463.0,507.0,963.8,456.8,,,,"BASELINE,502,965.0,463.0,507.0,963.8,456.8"
baseline,,511,960.5,449.5,507.6,963.2,455.6,,,,"BASELINE,511,960.5,449.5,507.6,963.2,455.6"
baseline,,509,963.5,454.5,507.6,963.3,455.7,,,,"BASELINE,509,963.5,454.5,507.6,963.3,455.7"
baseline,,509,963.0,454.0,507.4,963.3,455.9,,,,"BASELINE,509,963.0,454.0,507.4,963.3,455.9"
baseline,,511,963.0,452.0,508.4,963.0,454.6,,,,"BASELINE,511,963.0,452.0,508.4,963.0,454.6"
baseline,,506,964.0,458.0,509.2,962.8,453.6,,,,"BASELINE,506,964.0,458.0,509.2,962.8,453.6"
baseline,,506,964.5,458.5,508.2,963.6,455.4,,,,"BASELINE,506,964.5,458.5,508.2,963.6,455.4"
baseline,,506,964.0,458.0,507.6,963.7,456.1,,,,"BASELINE,506,964.0,458.0,507.6,963.7,456.1"
baseline,,507,962.0,455.0,507.2,963.5,456.3,,,,"BASELINE,507,962.0,455.0,507.2,963.5,456.3"
baseline,,510,961.0,451.0,507.0,963.1,456.1,,,,"BASELINE,510,961.0,451.0,507.0,963.1,456.1"
baseline,,511,962.0,451.0,508.0,962.7,454.7,,,,"BASELINE,511,962.0,451.0,508.0,962.7,454.7"
baseline,,505,965.5,460.5,507.8,962.9,455.1,,,,"BASELINE,505,965.5,460.5,507.8,962.9,455.1"
baseline,,505,964.5,459.5,507.6,963.0,455.4,,,,"BASELINE,505,964.5,459.5,507.6,963.0,455.4"
baseline,,512,960.5,448.5,508.6,962.7,454.1,,,,"BASELINE,512,960.5,448.5,508.6,962.7,454.1"
baseline,,511,963.0,452.0,508.8,963.1,454.3,,,,"BASELINE,511,963.0,452.0,508.8,963.1,454.3"
baseline,,508,962.5,454.5,508.2,963.2,455.0,,,,"BASELINE,508,962.5,454.5,508.2,963.2,455.0"
baseline,,507,962.5,455.5,508.6,962.6,454.0,,,,"BASELINE,507,962.5,455.5,508.6,962.6,454.0"
baseline,,508,962.0,454.0,509.2,962.1,452.9,,,,"BASELINE,508,962.0,454.0,509.2,962.1,452.9"
baseline,,509,964.5,455.5,508.6,962.9,454.3,,,,"BASELINE,509,964.5,455.5,508.6,962.9,454.3"
baseline,,507,962.5,455.5,507.8,962.8,455.0,,,,"BASELINE,507,962.5,455.5,507.8,962.8,455.0"
baseline,,507,963.0,456.0,507.6,962.9,455.3,,,,"BASELINE,507,963.0,456.0,507.6,962.9,455.3"
baseline,,505,964.5,459.5,507.2,963.3,456.1,,,,"BASELINE,505,964.5,459.5,507.2,963.3,456.1"
baseline,,503,965.5,462.5,506.2,964.0,457.8,,,,"BASELINE,503,965.5,462.5,506.2,964.0,457.8"
baseline,,502,965.0,463.0,504.8,964.1,459.3,,,,"BASELINE,502,965.0,463.0,504.8,964.1,459.3"
baseline,,505,962.5,457.5,504.4,964.1,459.7,,,,"BASELINE,505,962.5,457.5,504.4,964.1,459.7"
baseline,,506,963.0,457.0,504.2,964.1,459.9,,,,"BASELINE,506,963.0,457.0,504.2,964.1,459.9"
baseline,,506,963.0,457.0,504.4,963.8,459.4,,,,"BASELINE,506,963.0,457.0,504.4,963.8,459.4"
baseline,,508,962.5,454.5,505.4,963.2,457.8,,,,"BASELINE,508,962.5,454.5,505.4,963.2,457.8"
baseline,,504,964.5,460.5,505.8,963.1,457.3,,,,"BASELINE,504,964.5,460.5,505.8,963.1,457.3"
baseline,,502,965.5,463.5,505.2,963.7,458.5,,,,"BASELINE,502,965.5,463.5,505.2,963.7,458.5"
baseline,,502,968.0,466.0,504.4,964.7,460.3,,,,"BASELINE,502,968.0,466.0,504.4,964.7,460.3"
baseline,,503,965.5,462.5,503.8,965.2,461.4,,,,"BASELINE,503,965.5,462.5,503.8,965.2,461.4"
baseline,,503,965.0,462.0,502.8,965.7,462.9,,,,"BASELINE,503,965.0,462.0,502.8,965.7,462.9"
baseline,,507,962.5,455.5,503.4,965.3,461.9,,,,"BASELINE,507,962.5,455.5,503.4,965.3,461.9"
baseline,,505,965.0,460.0,504.0,965.2,461.2,,,,"BASELINE,505,965.0,460.0,504.0,965.2,461.2"
baseline,,508,962.5,454.5,505.2,964.1,458.9,,,,"BASELINE,508,962.5,454.5,505.2,964.1,458.9"
info,,,,,,,,,,,,"SYSTEM,Baseline done,456.85"
data,0.0,503,966.0,463.0,505.8,963.7,457.9,456.8,1.1,Floor,"DATA,0.0,503,966.0,463.0,505.8,963.7,457.9,456.8,1.1,Floor"
data,0.1,503,966.5,463.5,505.0,964.5,459.5,456.8,2.7,Floor,"DATA,0.1,503,966.5,463.5,505.0,964.5,459.5,456.8,2.7,Floor"
data,0.2,508,961.0,453.0,505.6,963.7,458.1,456.8,1.3,Floor,"DATA,0.2,508,961.0,453.0,505.6,963.7,458.1,456.8,1.3,Floor"
data,0.3,503,966.0,463.0,504.6,964.4,459.8,456.8,3.0,Floor,"DATA,0.3,503,966.0,463.0,504.6,964.4,459.8,456.8,3.0,Floor"
data,0.4,506,963.5,457.5,504.6,964.6,460.0,456.8,3.2,Floor,"DATA,0.4,506,963.5,457.5,504.6,964.6,460.0,456.8,3.2,Floor"
data,0.5,508,961.5,453.5,505.6,963.7,458.1,456.8,1.3,Floor,"DATA,0.5,508,961.5,453.5,505.6,963.7,458.1,456.8,1.3,Floor"
data,0.6,504,963.0,459.0,505.8,963.0,457.2,456.8,0.4,Floor,"DATA,0.6,504,963.0,459.0,505.8,963.0,457.2,456.8,0.4,Floor"
data,0.7,507,961.5,454.5,505.6,963.1,457.5,456.8,0.7,Floor,"DATA,0.7,507,961.5,454.5,505.6,963.1,457.5,456.8,0.7,Floor"
data,0.8,503,966.0,463.0,505.6,963.1,457.5,456.8,0.7,Floor,"DATA,0.8,503,966.0,463.0,505.6,963.1,457.5,456.8,0.7,Floor"
data,0.9,502,966.0,464.0,504.8,963.6,458.8,456.8,2.0,Floor,"DATA,0.9,502,966.0,464.0,504.8,963.6,458.8,456.8,2.0,Floor"
data,1.0,509,960.5,451.5,505.0,963.4,458.4,456.8,1.6,Floor,"DATA,1.0,509,960.5,451.5,505.0,963.4,458.4,456.8,1.6,Floor"
data,1.1,503,967.0,464.0,504.8,964.2,459.4,456.8,2.6,Floor,"DATA,1.1,503,967.0,464.0,504.8,964.2,459.4,456.8,2.6,Floor"
data,1.2,509,960.0,451.0,505.2,963.9,458.7,456.8,1.9,Floor,"DATA,1.2,509,960.0,451.0,505.2,963.9,458.7,456.8,1.9,Floor"
data,1.3,502,967.5,465.5,505.0,964.2,459.2,456.8,2.4,Floor,"DATA,1.3,502,967.5,465.5,505.0,964.2,459.2,456.8,2.4,Floor"
data,1.4,506,962.0,456.0,505.8,963.4,457.6,456.8,0.8,Floor,"DATA,1.4,506,962.0,456.0,505.8,963.4,457.6,456.8,0.8,Floor"
data,1.5,503,967.0,464.0,504.6,964.7,460.1,456.8,3.3,Floor,"DATA,1.5,503,967.0,464.0,504.6,964.7,460.1,456.8,3.3,Floor"
data,1.6,509,960.5,451.5,505.8,963.4,457.6,456.8,0.8,Floor,"DATA,1.6,509,960.5,451.5,505.8,963.4,457.6,456.8,0.8,Floor"
data,1.7,502,967.5,465.5,504.4,964.9,460.5,456.8,3.7,Floor,"DATA,1.7,502,967.5,465.5,504.4,964.9,460.5,456.8,3.7,Floor"
data,1.8,509,963.5,454.5,505.8,964.1,458.3,456.8,1.5,Floor,"DATA,1.8,509,963.5,454.5,505.8,964.1,458.3,456.8,1.5,Floor"
data,1.9,507,962.5,455.5,506.0,964.2,458.2,456.8,1.4,Floor,"DATA,1.9,507,962.5,455.5,506.0,964.2,458.2,456.8,1.4,Floor"
data,2.0,504,964.5,460.5,506.2,963.7,457.5,456.8,0.7,Floor,"DATA,2.0,504,964.5,460.5,506.2,963.7,457.5,456.8,0.7,Floor"
data,2.1,504,963.5,459.5,505.2,964.3,459.1,456.8,2.3,Floor,"DATA,2.1,504,963.5,459.5,505.2,964.3,459.1,456.8,2.3,Floor"
data,2.2,502,967.5,465.5,505.2,964.3,459.1,456.8,2.3,Floor,"DATA,2.2,502,967.5,465.5,505.2,964.3,459.1,456.8,2.3,Floor"
data,2.3,503,966.5,463.5,504.0,964.9,460.9,456.8,4.1,Floor,"DATA,2.3,503,966.5,463.5,504.0,964.9,460.9,456.8,4.1,Floor"
data,2.4,507,962.0,455.0,504.0,964.8,460.8,456.8,4.0,Floor,"DATA,2.4,507,962.0,455.0,504.0,964.8,460.8,456.8,4.0,Floor"
data,2.5,506,962.0,456.0,504.4,964.3,459.9,456.8,3.1,Floor,"DATA,2.5,506,962.0,456.0,504.4,964.3,459.9,456.8,3.1,Floor"
data,2.6,505,963.0,458.0,504.6,964.2,459.6,456.8,2.8,Floor,"DATA,2.6,505,963.0,458.0,504.6,964.2,459.6,456.8,2.8,Floor"
data,2.7,503,963.5,460.5,504.8,963.4,458.6,456.8,1.8,Floor,"DATA,2.7,503,963.5,460.5,504.8,963.4,458.6,456.8,1.8,Floor"
data,2.8,508,961.5,453.5,505.8,962.4,456.6,456.8,0.2,Floor,"DATA,2.8,508,961.5,453.5,505.8,962.4,456.6,456.8,0.2,Floor"
data,2.9,503,966.0,463.0,505.0,963.2,458.2,456.8,1.4,Floor,"DATA,2.9,503,966.0,463.0,505.0,963.2,458.2,456.8,1.4,Floor"
data,3.0,506,962.5,456.5,505.0,963.3,458.3,456.8,1.5,Floor,"DATA,3.0,506,962.5,456.5,505.0,963.3,458.3,456.8,1.5,Floor"
data,3.1,502,967.0,465.0,504.4,964.1,459.7,456.8,2.9,Floor,"DATA,3.1,502,967.0,465.0,504.4,964.1,459.7,456.8,2.9,Floor"
data,3.2,508,962.5,454.5,505.4,963.9,458.5,456.8,1.7,Floor,"DATA,3.2,508,962.5,454.5,505.4,963.9,458.5,456.8,1.7,Floor"
data,3.3,508,961.5,453.5,505.4,963.9,458.5,456.8,1.7,Floor,"DATA,3.3,508,961.5,453.5,505.4,963.9,458.5,456.8,1.7,Floor"
data,3.4,503,964.5,461.5,505.4,963.6,458.2,456.8,1.4,Floor,"DATA,3.4,503,964.5,461.5,505.4,963.6,458.2,456.8,1.4,Floor"
data,3.5,504,965.0,461.0,505.0,964.1,459.1,456.8,2.3,Floor,"DATA,3.5,504,965.0,461.0,505.0,964.1,459.1,456.8,2.3,Floor"
data,3.6,506,963.0,457.0,505.8,963.3,457.5,456.8,0.7,Floor,"DATA,3.6,506,963.0,457.0,505.8,963.3,457.5,456.8,0.7,Floor"
data,3.7,504,964.5,460.5,505.0,963.7,458.7,456.8,1.9,Floor,"DATA,3.7,504,964.5,460.5,505.0,963.7,458.7,456.8,1.9,Floor"
data,3.8,504,963.5,459.5,504.2,964.1,459.9,456.8,3.1,Floor,"DATA,3.8,504,963.5,459.5,504.2,964.1,459.9,456.8,3.1,Floor"
data,3.9,503,966.0,463.0,504.2,964.4,460.2,456.8,3.4,Floor,"DATA,3.9,503,966.0,463.0,504.2,964.4,460.2,456.8,3.4,Floor"
data,4.0,507,962.5,455.5,504.8,963.9,459.1,456.8,2.3,Floor,"DATA,4.0,507,962.5,455.5,504.8,963.9,459.1,456.8,2.3,Floor"
data,4.1,503,967.0,464.0,504.2,964.7,460.5,456.8,3.7,Floor,"DATA,4.1,503,967.0,464.0,504.2,964.7,460.5,456.8,3.7,Floor"
data,4.2,506,962.0,456.0,504.6,964.2,459.6,456.8,2.8,Floor,"DATA,4.2,506,962.0,456.0,504.6,964.2,459.6,456.8,2.8,Floor"
data,4.3,502,966.5,464.5,504.2,964.8,460.6,456.8,3.8,Floor,"DATA,4.3,502,966.5,464.5,504.2,964.8,460.6,456.8,3.8,Floor"
data,4.4,503,967.0,464.0,504.2,965.0,460.8,456.8,4.0,Floor,"DATA,4.4,503,967.0,464.0,504.2,965.0,460.8,456.8,4.0,Floor"
data,4.5,503,965.0,462.0,503.4,965.5,462.1,456.8,5.3,Floor,"DATA,4.5,503,965.0,462.0,503.4,965.5,462.1,456.8,5.3,Floor"
data,4.6,503,966.5,463.5,503.4,965.4,462.0,456.8,5.2,Floor,"DATA,4.6,503,966.5,463.5,503.4,965.4,462.0,456.8,5.2,Floor"
data,4.7,506,963.5,457.5,503.4,965.7,462.3,456.8,5.5,Floor,"DATA,4.7,506,963.5,457.5,503.4,965.7,462.3,456.8,5.5,Floor"
data,4.8,501,966.0,465.0,503.2,965.6,462.4,456.8,5.6,Floor,"DATA,4.8,501,966.0,465.0,503.2,965.6,462.4,456.8,5.6,Floor"
data,4.9,508,962.0,454.0,504.2,964.6,460.4,456.8,3.6,Floor,"DATA,4.9,508,962.0,454.0,504.2,964.6,460.4,456.8,3.6,Floor"
data,5.0,502,966.5,464.5,504.0,964.9,460.9,456.8,4.1,Floor,"DATA,5.0,502,966.5,464.5,504.0,964.9,460.9,456.8,4.1,Floor"
data,5.1,509,961.0,452.0,505.2,963.8,458.6,456.8,1.8,Floor,"DATA,5.1,509,961.0,452.0,505.2,963.8,458.6,456.8,1.8,Floor"
data,5.2,502,968.0,466.0,504.4,964.7,460.3,456.8,3.5,Floor,"DATA,5.2,502,968.0,466.0,504.4,964.7,460.3,456.8,3.5,Floor"
data,5.3,510,961.5,451.5,506.2,963.8,457.6,456.8,0.8,Floor,"DATA,5.3,510,961.5,451.5,506.2,963.8,457.6,456.8,0.8,Floor"
data,5.4,501,967.5,466.5,504.8,964.9,460.1,456.8,3.3,Floor,"DATA,5.4,501,967.5,466.5,504.8,964.9,460.1,456.8,3.3,Floor"
data,5.5,502,967.5,465.5,504.8,965.1,460.3,456.8,3.5,Floor,"DATA,5.5,502,967.5,465.5,504.8,965.1,460.3,456.8,3.5,Floor"
data,5.6,507,962.0,455.0,504.4,965.3,460.9,456.8,4.1,Floor,"DATA,5.6,507,962.0,455.0,504.4,965.3,460.9,456.8,4.1,Floor"
data,5.7,500,968.5,468.5,504.0,965.4,461.4,456.8,4.6,Floor,"DATA,5.7,500,968.5,468.5,504.0,965.4,461.4,456.8,4.6,Floor"
data,5.8,503,961.5,458.5,502.6,965.4,462.8,456.8,6.0,Floor,"DATA,5.8,503,961.5,458.5,502.6,965.4,462.8,456.8,6.0,Floor"
data,5.9,501,967.0,466.0,502.6,965.3,462.7,456.8,5.9,Floor,"DATA,5.9,501,967.0,466.0,502.6,965.3,462.7,456.8,5.9,Floor"
data,6.0,507,962.0,455.0,503.6,964.2,460.6,456.8,3.8,Floor,"DATA,6.0,507,962.0,455.0,503.6,964.2,460.6,456.8,3.8,Floor"
data,6.1,517,969.0,452.0,505.6,965.6,460.0,456.8,3.2,Floor,"DATA,6.1,517,969.0,452.0,505.6,965.6,460.0,456.8,3.2,Floor"
data,6.2,518,963.5,445.5,509.2,964.6,455.4,456.8,1.4,Floor,"DATA,6.2,518,963.5,445.5,509.2,964.6,455.4,456.8,1.4,Floor"
data,6.3,521,967.0,446.0,512.8,965.7,452.9,456.8,3.9,Floor,"DATA,6.3,521,967.0,446.0,512.8,965.7,452.9,456.8,3.9,Floor"
data,6.4,501,961.5,460.5,512.8,964.6,451.8,456.8,5.0,Floor,"DATA,6.4,501,961.5,460.5,512.8,964.6,451.8,456.8,5.0,Floor"
data,6.5,473,966.0,493.0,506.0,965.4,459.4,456.8,2.6,Floor,"DATA,6.5,473,966.0,493.0,506.0,965.4,459.4,456.8,2.6,Floor"
data,6.6,478,964.5,486.5,498.2,964.5,466.3,456.8,9.5,Floor,"DATA,6.6,478,964.5,486.5,498.2,964.5,466.3,456.8,9.5,Floor"
data,6.7,484,966.0,482.0,491.4,965.0,473.6,456.8,16.8,Liquid,"DATA,6.7,484,966.0,482.0,491.4,965.0,473.6,456.8,16.8,Liquid"
data,6.8,488,965.5,477.5,484.8,964.7,479.9,456.8,23.1,Liquid,"DATA,6.8,488,965.5,477.5,484.8,964.7,479.9,456.8,23.1,Liquid"
data,6.9,496,964.0,468.0,483.8,965.2,481.4,456.8,24.6,Liquid,"DATA,6.9,496,964.0,468.0,483.8,965.2,481.4,456.8,24.6,Liquid"
data,7.0,494,966.0,472.0,488.0,965.2,477.2,456.8,20.4,Liquid,"DATA,7.0,494,966.0,472.0,488.0,965.2,477.2,456.8,20.4,Liquid"
data,7.1,496,967.0,471.0,491.6,965.7,474.1,456.8,17.3,Liquid,"DATA,7.1,496,967.0,471.0,491.6,965.7,474.1,456.8,17.3,Liquid"
data,7.2,498,964.5,466.5,494.4,965.4,471.0,456.8,14.2,Liquid,"DATA,7.2,498,964.5,466.5,494.4,965.4,471.0,456.8,14.2,Liquid"
data,7.3,496,966.5,470.5,496.0,965.6,469.6,456.8,12.8,Liquid,"DATA,7.3,496,966.5,470.5,496.0,965.6,469.6,456.8,12.8,Liquid"
data,7.4,498,963.0,465.0,496.4,965.4,469.0,456.8,12.2,Liquid,"DATA,7.4,498,963.0,465.0,496.4,965.4,469.0,456.8,12.2,Liquid"
data,7.5,495,967.5,472.5,496.6,965.7,469.1,456.8,12.3,Liquid,"DATA,7.5,495,967.5,472.5,496.6,965.7,469.1,456.8,12.3,Liquid"
data,7.6,493,965.5,472.5,496.0,965.4,469.4,456.8,12.6,Liquid,"DATA,7.6,493,965.5,472.5,496.0,965.4,469.4,456.8,12.6,Liquid"
data,7.7,498,963.0,465.0,496.0,965.1,469.1,456.8,12.3,Liquid,"DATA,7.7,498,963.0,465.0,496.0,965.1,469.1,456.8,12.3,Liquid"
data,7.8,493,965.5,472.5,495.4,964.9,469.5,456.8,12.7,Liquid,"DATA,7.8,493,965.5,472.5,495.4,964.9,469.5,456.8,12.7,Liquid"
data,7.9,493,967.0,474.0,494.4,965.7,471.3,456.8,14.5,Liquid,"DATA,7.9,493,967.0,474.0,494.4,965.7,471.3,456.8,14.5,Liquid"
data,8.0,496,962.5,466.5,494.6,964.7,470.1,456.8,13.3,Liquid,"DATA,8.0,496,962.5,466.5,494.6,964.7,470.1,456.8,13.3,Liquid"
data,8.1,496,965.0,469.0,495.2,964.6,469.4,456.8,12.6,Liquid,"DATA,8.1,496,965.0,469.0,495.2,964.6,469.4,456.8,12.6,Liquid"
data,8.2,493,964.0,471.0,494.2,964.8,470.6,456.8,13.8,Liquid,"DATA,8.2,493,964.0,471.0,494.2,964.8,470.6,456.8,13.8,Liquid"
data,8.3,492,965.5,473.5,494.0,964.8,470.8,456.8,14.0,Liquid,"DATA,8.3,492,965.5,473.5,494.0,964.8,470.8,456.8,14.0,Liquid"
data,8.4,489,965.0,476.0,493.2,964.4,471.2,456.8,14.4,Liquid,"DATA,8.4,489,965.0,476.0,493.2,964.4,471.2,456.8,14.4,Liquid"
data,8.5,492,964.0,472.0,492.4,964.7,472.3,456.8,15.5,Liquid,"DATA,8.5,492,964.0,472.0,492.4,964.7,472.3,456.8,15.5,Liquid"
data,8.6,489,967.0,478.0,491.0,965.1,474.1,456.8,17.3,Liquid,"DATA,8.6,489,967.0,478.0,491.0,965.1,474.1,456.8,17.3,Liquid"
data,8.7,491,965.0,474.0,490.6,965.3,474.7,456.8,17.9,Liquid,"DATA,8.7,491,965.0,474.0,490.6,965.3,474.7,456.8,17.9,Liquid"
data,8.8,494,963.0,469.0,491.0,964.8,473.8,456.8,17.0,Liquid,"DATA,8.8,494,963.0,469.0,491.0,964.8,473.8,456.8,17.0,Liquid"
data,8.9,491,963.0,472.0,491.4,964.4,473.0,456.8,16.2,Liquid,"DATA,8.9,491,963.0,472.0,491.4,964.4,473.0,456.8,16.2,Liquid"
data,9.0,490,964.5,474.5,491.0,964.5,473.5,456.8,16.7,Liquid,"DATA,9.0,490,964.5,474.5,491.0,964.5,473.5,456.8,16.7,Liquid"
data,9.1,488,965.0,477.0,490.8,964.1,473.3,456.8,16.5,Liquid,"DATA,9.1,488,965.0,477.0,490.8,964.1,473.3,456.8,16.5,Liquid"
data,9.2,492,963.0,471.0,491.0,963.7,472.7,456.8,15.9,Liquid,"DATA,9.2,492,963.0,471.0,491.0,963.7,472.7,456.8,15.9,Liquid"
data,9.3,492,963.5,471.5,490.6,963.8,473.2,456.8,16.4,Liquid,"DATA,9.3,492,963.5,471.5,490.6,963.8,473.2,456.8,16.4,Liquid"
data,9.4,491,963.5,472.5,490.6,963.9,473.3,456.8,16.5,Liquid,"DATA,9.4,491,963.5,472.5,490.6,963.9,473.3,456.8,16.5,Liquid"
data,9.5,489,967.5,478.5,490.4,964.5,474.1,456.8,17.3,Liquid,"DATA,9.5,489,967.5,478.5,490.4,964.5,474.1,456.8,17.3,Liquid"
data,9.6,491,962.5,471.5,491.0,964.0,473.0,456.8,16.2,Liquid,"DATA,9.6,491,962.5,471.5,491.0,964.0,473.0,456.8,16.2,Liquid"
data,9.7,490,965.5,475.5,490.6,964.5,473.9,456.8,17.1,Liquid,"DATA,9.7,490,965.5,475.5,490.6,964.5,473.9,456.8,17.1,Liquid"
data,9.8,493,961.5,468.5,490.8,964.1,473.3,456.8,16.5,Liquid,"DATA,9.8,493,961.5,468.5,490.8,964.1,473.3,456.8,16.5,Liquid"
data,9.9,489,967.0,478.0,490.4,964.8,474.4,456.8,17.6,Liquid,"DATA,9.9,489,967.0,478.0,490.4,964.8,474.4,456.8,17.6,Liquid"
data,10.0,495,963.5,468.5,491.6,964.0,472.4,456.8,15.6,Liquid,"DATA,10.0,495,963.5,468.5,491.6,964.0,472.4,456.8,15.6,Liquid"
data,10.1,493,962.0,469.0,492.0,963.9,471.9,456.8,15.1,Liquid,"DATA,10.1,493,962.0,469.0,492.0,963.9,471.9,456.8,15.1,Liquid"
data,10.2,490,967.0,477.0,492.0,964.2,472.2,456.8,15.4,Liquid,"DATA,10.2,490,967.0,477.0,492.0,964.2,472.2,456.8,15.4,Liquid"
data,10.3,489,966.0,477.0,491.2,965.1,473.9,456.8,17.1,Liquid,"DATA,10.3,489,966.0,477.0,491.2,965.1,473.9,456.8,17.1,Liquid"
data,10.4,492,963.5,471.5,491.8,964.4,472.6,456.8,15.8,Liquid,"DATA,10.4,492,963.5,471.5,491.8,964.4,472.6,456.8,15.8,Liquid"
data,10.5,489,967.0,478.0,490.6,965.1,474.5,456.8,17.7,Liquid,"DATA,10.5,489,967.0,478.0,490.6,965.1,474.5,456.8,17.7,Liquid"
data,10.6,492,963.5,471.5,490.4,965.4,475.0,456.8,18.2,Liquid,"DATA,10.6,492,963.5,471.5,490.4,965.4,475.0,456.8,18.2,Liquid"
data,10.7,492,965.5,473.5,490.8,965.1,474.3,456.8,17.5,Liquid,"DATA,10.7,492,965.5,473.5,490.8,965.1,474.3,456.8,17.5,Liquid"
data,10.8,492,964.5,472.5,491.4,964.8,473.4,456.8,16.6,Liquid,"DATA,10.8,492,964.5,472.5,491.4,964.8,473.4,456.8,16.6,Liquid"
data,10.9,493,965.0,472.0,491.6,965.1,473.5,456.8,16.7,Liquid,"DATA,10.9,493,965.0,472.0,491.6,965.1,473.5,456.8,16.7,Liquid"
data,11.0,498,960.0,462.0,493.4,963.7,470.3,456.8,13.5,Liquid,"DATA,11.0,498,960.0,462.0,493.4,963.7,470.3,456.8,13.5,Liquid"
data,11.1,491,967.0,476.0,493.2,964.4,471.2,456.8,14.4,Liquid,"DATA,11.1,491,967.0,476.0,493.2,964.4,471.2,456.8,14.4,Liquid"
data,11.2,494,958.5,464.5,493.6,963.0,469.4,456.8,12.6,Liquid,"DATA,11.2,494,958.5,464.5,493.6,963.0,469.4,456.8,12.6,Liquid"
data,11.3,486,970.0,484.0,492.4,964.1,471.7,456.8,14.9,Liquid,"DATA,11.3,486,970.0,484.0,492.4,964.1,471.7,456.8,14.9,Liquid"
data,11.4,496,959.0,463.0,493.0,962.9,469.9,456.8,13.1,Liquid,"DATA,11.4,496,959.0,463.0,493.0,962.9,469.9,456.8,13.1,Liquid"
data,11.5,490,967.0,477.0,491.4,964.3,472.9,456.8,16.1,Liquid,"DATA,11.5,490,967.0,477.0,491.4,964.3,472.9,456.8,16.1,Liquid"
data,11.6,491,965.0,474.0,491.4,963.9,472.5,456.8,15.7,Liquid,"DATA,11.6,491,965.0,474.0,491.4,963.9,472.5,456.8,15.7,Liquid"
data,11.7,495,962.5,467.5,491.6,964.7,473.1,456.8,16.3,Liquid,"DATA,11.7,495,962.5,467.5,491.6,964.7,473.1,456.8,16.3,Liquid"
data,11.8,491,965.0,474.0,492.6,963.7,471.1,456.8,14.3,Liquid,"DATA,11.8,491,965.0,474.0,492.6,963.7,471.1,456.8,14.3,Liquid"
data,11.9,493,963.5,470.5,492.0,964.6,472.6,456.8,15.8,Liquid,"DATA,11.9,493,963.5,470.5,492.0,964.6,472.6,456.8,15.8,Liquid"
data,12.0,491,966.5,475.5,492.2,964.5,472.3,456.8,15.5,Liquid,"DATA,12.0,491,966.5,475.5,492.2,964.5,472.3,456.8,15.5,Liquid"
data,12.1,492,963.5,471.5,492.4,964.2,471.8,456.8,15.0,Liquid,"DATA,12.1,492,963.5,471.5,492.4,964.2,471.8,456.8,15.0,Liquid"
data,12.2,490,966.0,476.0,491.4,964.9,473.5,456.8,16.7,Liquid,"DATA,12.2,490,966.0,476.0,491.4,964.9,473.5,456.8,16.7,Liquid"
data,12.3,494,963.5,469.5,492.0,964.6,472.6,456.8,15.8,Liquid,"DATA,12.3,494,963.5,469.5,492.0,964.6,472.6,456.8,15.8,Liquid"
data,12.4,492,966.0,474.0,491.8,965.1,473.3,456.8,16.5,Liquid,"DATA,12.4,492,966.0,474.0,491.8,965.1,473.3,456.8,16.5,Liquid"
data,12.5,495,967.5,472.5,492.6,965.3,472.7,456.8,15.9,Liquid,"DATA,12.5,495,967.5,472.5,492.6,965.3,472.7,456.8,15.9,Liquid"
data,12.6,491,964.5,473.5,492.4,965.5,473.1,456.8,16.3,Liquid,"DATA,12.6,491,964.5,473.5,492.4,965.5,473.1,456.8,16.3,Liquid"
data,12.7,477,963.5,486.5,489.8,965.0,475.2,456.8,18.4,Liquid,"DATA,12.7,477,963.5,486.5,489.8,965.0,475.2,456.8,18.4,Liquid"
data,12.8,482,965.5,483.5,487.4,965.4,478.0,456.8,21.2,Liquid,"DATA,12.8,482,965.5,483.5,487.4,965.4,478.0,456.8,21.2,Liquid"
data,12.9,509,963.0,454.0,490.8,964.8,474.0,456.8,17.2,Liquid,"DATA,12.9,509,963.0,454.0,490.8,964.8,474.0,456.8,17.2,Liquid"
data,13.0,522,962.0,440.0,496.2,963.7,467.5,456.8,10.7,Liquid,"DATA,13.0,522,962.0,440.0,496.2,963.7,467.5,456.8,10.7,Liquid"
data,13.1,515,972.0,457.0,501.0,965.2,464.2,456.8,7.4,Floor,"DATA,13.1,515,972.0,457.0,501.0,965.2,464.2,456.8,7.4,Floor"
data,13.2,525,966.0,441.0,510.6,965.7,455.1,456.8,1.7,Floor,"DATA,13.2,525,966.0,441.0,510.6,965.7,455.1,456.8,1.7,Floor"
data,13.3,526,959.5,433.5,519.4,964.5,445.1,456.8,11.7,Liquid,"DATA,13.3,526,959.5,433.5,519.4,964.5,445.1,456.8,11.7,Liquid"
data,13.4,513,972.0,459.0,520.2,966.3,446.1,456.8,10.7,Liquid,"DATA,13.4,513,972.0,459.0,520.2,966.3,446.1,456.8,10.7,Liquid"
data,13.5,523,962.5,439.5,520.4,966.4,446.0,456.8,10.8,Liquid,"DATA,13.5,523,962.5,439.5,520.4,966.4,446.0,456.8,10.8,Liquid"
data,13.6,521,962.5,441.5,521.6,964.5,442.9,456.8,13.9,Liquid,"DATA,13.6,521,962.5,441.5,521.6,964.5,442.9,456.8,13.9,Liquid"
data,13.7,514,967.5,453.5,519.4,964.8,445.4,456.8,11.4,Liquid,"DATA,13.7,514,967.5,453.5,519.4,964.8,445.4,456.8,11.4,Liquid"
data,13.8,520,963.5,443.5,518.2,965.6,447.4,456.8,9.4,Floor,"DATA,13.8,520,963.5,443.5,518.2,965.6,447.4,456.8,9.4,Floor"
data,13.9,516,967.5,451.5,518.8,964.7,445.9,456.8,10.9,Liquid,"DATA,13.9,516,967.5,451.5,518.8,964.7,445.9,456.8,10.9,Liquid"
data,14.0,522,959.5,437.5,518.6,964.1,445.5,456.8,11.3,Liquid,"DATA,14.0,522,959.5,437.5,518.6,964.1,445.5,456.8,11.3,Liquid"
data,14.1,518,970.5,452.5,518.0,965.7,447.7,456.8,9.1,Floor,"DATA,14.1,518,970.5,452.5,518.0,965.7,447.7,456.8,9.1,Floor"
data,14.2,525,962.0,437.0,520.2,964.6,444.4,456.8,12.4,Liquid,"DATA,14.2,525,962.0,437.0,520.2,964.6,444.4,456.8,12.4,Liquid"
data,14.3,522,965.0,443.0,520.6,964.9,444.3,456.8,12.5,Liquid,"DATA,14.3,522,965.0,443.0,520.6,964.9,444.3,456.8,12.5,Liquid"
data,14.4,519,968.5,449.5,521.2,965.1,443.9,456.8,12.9,Liquid,"DATA,14.4,519,968.5,449.5,521.2,965.1,443.9,456.8,12.9,Liquid"
data,14.5,525,962.0,437.0,521.8,965.6,443.8,456.8,13.0,Liquid,"DATA,14.5,525,962.0,437.0,521.8,965.6,443.8,456.8,13.0,Liquid"
data,14.6,522,965.5,443.5,522.6,964.6,442.0,456.8,14.8,Liquid,"DATA,14.6,522,965.5,443.5,522.6,964.6,442.0,456.8,14.8,Liquid"
data,14.7,518,968.0,450.0,521.2,965.8,444.6,456.8,12.2,Liquid,"DATA,14.7,518,968.0,450.0,521.2,965.8,444.6,456.8,12.2,Liquid"
data,14.8,524,963.0,439.0,521.6,965.4,443.8,456.8,13.0,Liquid,"DATA,14.8,524,963.0,439.0,521.6,965.4,443.8,456.8,13.0,Liquid"
data,14.9,524,963.5,439.5,522.6,964.4,441.8,456.8,15.0,Liquid,"DATA,14.9,524,963.5,439.5,522.6,964.4,441.8,456.8,15.0,Liquid"
data,15.0,519,967.0,448.0,521.4,965.4,444.0,456.8,12.8,Liquid,"DATA,15.0,519,967.0,448.0,521.4,965.4,444.0,456.8,12.8,Liquid"
data,15.1,518,966.5,448.5,520.6,965.6,445.0,456.8,11.8,Liquid,"DATA,15.1,518,966.5,448.5,520.6,965.6,445.0,456.8,11.8,Liquid"
data,15.2,522,963.5,441.5,521.4,964.7,443.3,456.8,13.5,Liquid,"DATA,15.2,522,963.5,441.5,521.4,964.7,443.3,456.8,13.5,Liquid"
data,15.3,519,966.5,447.5,520.4,965.4,445.0,456.8,11.8,Liquid,"DATA,15.3,519,966.5,447.5,520.4,965.4,445.0,456.8,11.8,Liquid"
data,15.4,519,964.5,445.5,519.4,965.6,446.2,456.8,10.6,Liquid,"DATA,15.4,519,964.5,445.5,519.4,965.6,446.2,456.8,10.6,Liquid"
data,15.5,520,963.5,443.5,519.6,964.9,445.3,456.8,11.5,Liquid,"DATA,15.5,520,963.5,443.5,519.6,964.9,445.3,456.8,11.5,Liquid"
data,15.6,520,964.5,444.5,520.0,964.5,444.5,456.8,12.3,Liquid,"DATA,15.6,520,964.5,444.5,520.0,964.5,444.5,456.8,12.3,Liquid"
data,15.7,521,963.0,442.0,519.8,964.4,444.6,456.8,12.2,Liquid,"DATA,15.7,521,963.0,442.0,519.8,964.4,444.6,456.8,12.2,Liquid"
data,15.8,519,964.5,445.5,519.8,964.0,444.2,456.8,12.6,Liquid,"DATA,15.8,519,964.5,445.5,519.8,964.0,444.2,456.8,12.6,Liquid"
data,15.9,520,964.0,444.0,520.0,963.9,443.9,456.8,12.9,Liquid,"DATA,15.9,520,964.0,444.0,520.0,963.9,443.9,456.8,12.9,Liquid"
data,16.0,521,962.5,441.5,520.2,963.7,443.5,456.8,13.3,Liquid,"DATA,16.0,521,962.5,441.5,520.2,963.7,443.5,456.8,13.3,Liquid"
data,16.1,519,965.0,446.0,520.0,963.8,443.8,456.8,13.0,Liquid,"DATA,16.1,519,965.0,446.0,520.0,963.8,443.8,456.8,13.0,Liquid"
data,16.2,518,965.5,447.5,519.4,964.3,444.9,456.8,11.9,Liquid,"DATA,16.2,518,965.5,447.5,519.4,964.3,444.9,456.8,11.9,Liquid"
data,16.3,521,963.5,442.5,519.8,964.1,444.3,456.8,12.5,Liquid,"DATA,16.3,521,963.5,442.5,519.8,964.1,444.3,456.8,12.5,Liquid"
data,16.4,518,965.0,447.0,519.4,964.3,444.9,456.8,11.9,Liquid,"DATA,16.4,518,965.0,447.0,519.4,964.3,444.9,456.8,11.9,Liquid"
data,16.5,520,963.5,443.5,519.2,964.5,445.3,456.8,11.5,Liquid,"DATA,16.5,520,963.5,443.5,519.2,964.5,445.3,456.8,11.5,Liquid"
data,16.6,519,965.0,446.0,519.2,964.5,445.3,456.8,11.5,Liquid,"DATA,16.6,519,965.0,446.0,519.2,964.5,445.3,456.8,11.5,Liquid"
data,16.7,518,964.0,446.0,519.2,964.2,445.0,456.8,11.8,Liquid,"DATA,16.7,518,964.0,446.0,519.2,964.2,445.0,456.8,11.8,Liquid"
data,16.8,520,963.0,443.0,519.0,964.1,445.1,456.8,11.7,Liquid,"DATA,16.8,520,963.0,443.0,519.0,964.1,445.1,456.8,11.7,Liquid"
data,16.9,522,963.5,441.5,519.8,963.8,444.0,456.8,12.8,Liquid,"DATA,16.9,522,963.5,441.5,519.8,963.8,444.0,456.8,12.8,Liquid"
data,17.0,519,965.0,446.0,519.6,964.1,444.5,456.8,12.3,Liquid,"DATA,17.0,519,965.0,446.0,519.6,964.1,444.5,456.8,12.3,Liquid"
data,17.1,518,965.0,447.0,519.4,964.1,444.7,456.8,12.1,Liquid,"DATA,17.1,518,965.0,447.0,519.4,964.1,444.7,456.8,12.1,Liquid"
data,17.2,523,962.0,439.0,520.4,963.7,443.3,456.8,13.5,Liquid,"DATA,17.2,523,962.0,439.0,520.4,963.7,443.3,456.8,13.5,Liquid"
data,17.3,518,967.0,449.0,520.0,964.5,444.5,456.8,12.3,Liquid,"DATA,17.3,518,967.0,449.0,520.0,964.5,444.5,456.8,12.3,Liquid"
data,17.4,518,967.5,449.5,519.2,965.3,446.1,456.8,10.7,Liquid,"DATA,17.4,518,967.5,449.5,519.2,965.3,446.1,456.8,10.7,Liquid"
data,17.5,524,962.0,438.0,520.2,964.7,444.5,456.8,12.3,Liquid,"DATA,17.5,524,962.0,438.0,520.2,964.7,444.5,456.8,12.3,Liquid"
data,17.6,519,965.0,446.0,520.4,964.7,444.3,456.8,12.5,Liquid,"DATA,17.6,519,965.0,446.0,520.4,964.7,444.3,456.8,12.5,Liquid"
data,17.7,516,967.0,451.0,519.0,965.7,446.7,456.8,10.1,Liquid,"DATA,17.7,516,967.0,451.0,519.0,965.7,446.7,456.8,10.1,Liquid"
data,17.8,521,963.5,442.5,519.6,965.0,445.4,456.8,11.4,Liquid,"DATA,17.8,521,963.5,442.5,519.6,965.0,445.4,456.8,11.4,Liquid"
data,17.9,523,961.5,438.5,520.6,963.8,443.2,456.8,13.6,Liquid,"DATA,17.9,523,961.5,438.5,520.6,963.8,443.2,456.8,13.6,Liquid"
data,18.0,517,966.5,449.5,519.2,964.7,445.5,456.8,11.3,Liquid,"DATA,18.0,517,966.5,449.5,519.2,964.7,445.5,456.8,11.3,Liquid"
data,18.1,523,961.5,438.5,520.0,964.0,444.0,456.8,12.8,Liquid,"DATA,18.1,523,961.5,438.5,520.0,964.0,444.0,456.8,12.8,Liquid"
data,18.2,518,966.0,448.0,520.4,963.8,443.4,456.8,13.4,Liquid,"DATA,18.2,518,966.0,448.0,520.4,963.8,443.4,456.8,13.4,Liquid"
data,18.3,515,968.5,453.5,519.2,964.8,445.6,456.8,11.2,Liquid,"DATA,18.3,515,968.5,453.5,519.2,964.8,445.6,456.8,11.2,Liquid"
data,18.4,524,960.0,436.0,519.4,964.5,445.1,456.8,11.7,Liquid,"DATA,18.4,524,960.0,436.0,519.4,964.5,445.1,456.8,11.7,Liquid"
data,18.5,516,968.0,452.0,519.2,964.8,445.6,456.8,11.2,Liquid,"DATA,18.5,516,968.0,452.0,519.2,964.8,445.6,456.8,11.2,Liquid"
data,18.6,521,961.5,440.5,518.8,964.8,446.0,456.8,10.8,Liquid,"DATA,18.6,521,961.5,440.5,518.8,964.8,446.0,456.8,10.8,Liquid"
data,18.7,523,963.0,440.0,519.8,964.2,444.4,456.8,12.4,Liquid,"DATA,18.7,523,963.0,440.0,519.8,964.2,444.4,456.8,12.4,Liquid"
data,18.8,517,965.5,448.5,520.2,963.6,443.4,456.8,13.4,Liquid,"DATA,18.8,517,965.5,448.5,520.2,963.6,443.4,456.8,13.4,Liquid"
data,18.9,521,962.0,441.0,519.6,964.0,444.4,456.8,12.4,Liquid,"DATA,18.9,521,962.0,441.0,519.6,964.0,444.4,456.8,12.4,Liquid"
data,19.0,522,962.5,440.5,520.8,962.9,442.1,456.8,14.7,Liquid,"DATA,19.0,522,962.5,440.5,520.8,962.9,442.1,456.8,14.7,Liquid"
data,19.1,518,965.5,447.5,520.2,963.7,443.5,456.8,13.3,Liquid,"DATA,19.1,518,965.5,447.5,520.2,963.7,443.5,456.8,13.3,Liquid"
data,19.2,520,963.0,443.0,519.6,963.7,444.1,456.8,12.7,Liquid,"DATA,19.2,520,963.0,443.0,519.6,963.7,444.1,456.8,12.7,Liquid"
data,19.3,520,964.0,444.0,520.2,963.4,443.2,456.8,13.6,Liquid,"DATA,19.3,520,964.0,444.0,520.2,963.4,443.2,456.8,13.6,Liquid"
data,19.4,519,965.0,446.0,519.8,964.0,444.2,456.8,12.6,Liquid,"DATA,19.4,519,965.0,446.0,519.8,964.0,444.2,456.8,12.6,Liquid"
data,19.5,519,965.0,446.0,519.2,964.5,445.3,456.8,11.5,Liquid,"DATA,19.5,519,965.0,446.0,519.2,964.5,445.3,456.8,11.5,Liquid"
